"","X.1","X","id","tract","geo.id","sq.miles","area","median.income","total.income","income.quantile","total.pop","white.pop","white.ratio","bmp.installations","bmp.per.pop","bmp.per.sqmi","volume","impervious"
"1",1,1,1,1001,11001001001,0.94750279,2454020.97014317,105423.5,445020421,4,4347,576,0.132505175983437,106,0.0147879464285714,111.873021503187,12832.87,NA
"2",2,2,2,1002,11001001002,0.34349071,889636.856290747,76705,134639759,4,3740,626,0.167379679144385,7,0.00210273355361971,20.3790082124783,7837.58,NA
"3",3,3,3,4001,11001004001,0.10650398,275844.048415666,77629,230295472,4,4208,1773,0.42134030418251,17,0.00469224399668783,159.618448061753,17688.55,NA
"4",4,4,4,4002,11001004002,0.07570544,196076.1888545,65155,170535365,3,5763,1915,0.332292208918966,8,0.00294117647058824,105.672723122671,7110.1,NA
"5",5,5,5,4100,11001004100,0.31541962,816933.062280377,81283.5,217573711,4,4614,2884,0.625054182921543,12,0.00453514739229025,38.044557913043,11287.15,NA
"6",6,6,6,4201,11001004201,0.07896109,204508.273887692,69112,195239173,4,4474,3285,0.734242288779616,2,0.000615384615384615,25.3289309962666,2057.14,NA
"7",7,7,7,4202,11001004202,0.08045908,208388.072346607,67958,165982765,4,2531,2088,0.824970367443698,0,0,0,4289.64,NA
"8",8,8,8,4300,11001004300,0.09136068,236623.079935932,56174,161937053,3,5911,4877,0.825071899847742,16,0.00505689001264223,175.130045004043,42797.82,NA
"9",9,9,9,4400,11001004400,0.20142623,521691.548437318,77519,325184107,4,3957,997,0.25195855446045,50,0.0112435349673937,248.229835806389,18135.51,NA
"10",10,10,10,1100,11001001100,0.64727184,1676426.38039493,88358,326529055,4,2644,1020,0.385779122541604,82,0.0176686059039,126.685566917294,18983.25,NA
"11",11,11,11,1200,11001001200,0.47030868,1218093.87851016,74166.5,304763968,4,4890,4444,0.90879345603272,73,0.0150515463917526,155.217207558236,24581.02,NA
"12",12,12,12,1301,11001001301,1.10173667,2853484.86247428,66620,240485097,4,3916,2940,0.75076608784474,57,0.014832162373146,51.7365007012066,46823.62,NA
"13",13,13,13,1302,11001001302,0.61471619,1592107.62646792,73585,405180643,4,5425,4705,0.867281105990783,29,0.00434652278177458,47.1762424217264,12928.95,NA
"14",14,14,14,1401,11001001401,0.30434534,788250.801150996,79863.5,207763895,4,6233,5497,0.881918819188192,57,0.0191596638655462,187.287244154946,4471.49,NA
"15",15,15,15,1402,11001001402,0.34560825,895121.269963101,102986,181523449,4,1455,1247,0.857044673539519,21,0.00718931872646354,60.7624383966529,79605.68,NA
"16",16,16,16,502,11001000502,0.2244972,581445.072597169,75829,252908312,4,3376,2853,0.845082938388626,15,0.00484652665589661,66.8159781057403,44906.6,NA
"17",17,17,17,3400,11001003400,0.41603782,1077532.99660087,43117,75037699,3,2092,1861,0.889579349904398,42,0.0101156069364162,100.952360532992,5630.65,NA
"18",18,18,18,3500,11001003500,0.1474256,381830.550236599,32859.5,66239783,2,7436,6342,0.85287789133943,45,0.0125208681135225,305.238710237571,5201.6,NA
"19",19,19,19,3600,11001003600,0.11800258,305625.267934718,42788.5,161376203,3,3442,2788,0.809994189424753,23,0.00568181818181818,194.91099262406,53697.64,387673
"20",20,20,20,3700,11001003700,0.11286229,292311.980827426,41387.5,162058134,2,3745,3237,0.864352469959947,44,0.00798983112402397,389.855637343527,3196.65,NA
"21",21,21,21,3800,11001003800,0.13737758,355806.303173665,54786,209040361,3,2797,2232,0.797997854844476,25,0.00565738854944558,181.980203756683,2357.13,NA
"22",22,22,22,3900,11001003900,0.15481328,400964.564907712,59470,206237963,3,2708,2261,0.83493353028065,13,0.00302044609665428,83.9721243552233,5818.64,NA
"23",23,23,23,6500,11001006500,0.1915159,496023.890978902,79139,138021124,4,3342,2721,0.814183123877917,11,0.00445524503847712,57.4364843858917,0,NA
"24",24,24,24,1500,11001001500,1.81414212,4698606.50898024,136868,464768292,4,2771,2281,0.823168531216167,164,0.0286262873101763,90.4008556948118,0,0
"25",25,25,25,1600,11001001600,1.04219701,2699277.85855378,86508.5,206050056,4,3255,1849,0.568049155145929,152,0.0400105290866017,145.845745613874,6144.96,NA
"26",26,26,26,1702,11001001702,0.35908746,930032.250283736,57746,99172867,3,4572,2989,0.653762029746282,95,0.037713378324732,264.559503136088,38534.73,NA
"27",27,27,27,100,11001000100,0.9153844,2370834.717974,86101.5,444019426,4,4779,4012,0.839506172839506,22,0.0045757071547421,24.0336191003474,54480.64,NA
"28",28,28,28,201,11001000201,0.20832214,539551.85681847,23000,627662,1,5008,4073,0.813298722044728,29,0.00776231263383298,139.20747933945,16137.07,NA
"29",29,29,29,202,11001000202,0.47662417,1234450.92243497,95033.5,244019719,4,3955,3047,0.770417193426043,22,0.00415564790328674,46.1579613136279,4691.02,NA
"30",30,30,30,300,11001000300,0.3946925,1022248.871354,58822,306388942,3,6857,5596,0.816100335423655,63,0.01036866359447,159.617930414183,10883.76,NA
"31",31,31,31,400,11001000400,0.59122317,1531260.97201112,110621,130390459,4,3078,2541,0.825536062378168,42,0.0294117647058824,71.0391644495259,7595.78,NA
"32",32,32,32,501,11001000501,0.36466291,944472.612260386,68973,182269099,4,2998,2334,0.778519012675117,30,0.00918273645546373,82.2677579137401,4200.98,NA
"33",33,33,33,7304,11001007304,0.48279014,1250420.73146695,20922,39995849.95,1,3189,2720,0.852931953590467,26,0.00740108169655565,53.8536267538521,2366.32,NA
"34",34,34,34,7401,11001007401,0.55896528,1447713.42257725,16504.5,17706306,1,3514,354,0.100739897552647,25,0.0104471374843293,44.7254970827526,45343.14,NA
"35",35,35,35,7403,11001007403,0.12590949,326104.07236817,22754,27739508,1,4480,549,0.122544642857143,3,0.00105820105820106,23.826639278739,2954.72,NA
"36",36,36,36,7404,11001007404,0.31113134,805826.46422243,24785.5,41892503,1,4016,424,0.105577689243028,24,0.00739371534195933,77.1378415302039,31271.8,NA
"37",37,37,37,7406,11001007406,0.14274111,369697.788765436,18214.5,22222673,1,3198,959,0.299874921826141,25,0.00825627476882431,175.142255794424,5679.84,NA
"38",38,38,38,7407,11001007407,0.235764,610625.968253566,29333.5,43791436,2,2134,735,0.344423617619494,58,0.0227361818894551,246.008720584992,168,NA
"39",39,39,39,7408,11001007408,0.1476422,382391.546224026,18636,22774343,1,2412,106,0.0439469320066335,2,0.000664451827242525,13.5462625184398,18693.6,NA
"40",40,40,40,7409,11001007409,0.15357025,397745.127479349,21349.5,40482342,1,2633,48,0.0182301557159134,4,0.00115774240231548,26.0467115212745,13893.98,NA
"41",41,41,41,7502,11001007502,0.23773408,615728.446798271,24720,50022193.2,1,3309,33,0.0099728014505893,76,0.0170633138751684,319.684918544283,14603.68,NA
"42",42,42,42,4600,11001004600,0.16869473,436917.338248073,41045,93634428,2,2732,113,0.0413616398243045,65,0.0221918743598498,385.311384653214,129880.04,NA
"43",43,43,43,4701,11001004701,0.12402304,321218.203506362,36630,104928195,2,4127,117,0.0283498909619578,26,0.00663434549630008,209.638467175131,134740.83,NA
"44",44,44,44,4702,11001004702,0.12529109,324502.438578914,69010,106167879,4,1976,737,0.372975708502024,29,0.0166475315729047,231.460992158341,83486.23,NA
"45",45,45,45,4801,11001004801,0.12257198,317459.981364852,52484,99227482,3,2582,280,0.10844306738962,28,0.0136919315403423,228.437200737069,0,NA
"46",46,46,46,4802,11001004802,0.1112353,288098.105370579,41981,115913258,3,2557,170,0.0664841611263199,41,0.0144112478031634,368.588029159808,3932.82,NA
"47",47,47,47,4901,11001004901,0.10496552,271859.444849674,44409,77147230,3,2794,1670,0.597709377236936,16,0.00785854616895874,152.431007820473,184964.69,NA
"48",48,48,48,4902,11001004902,0.1018765,263858.924567305,52213.5,123680131,3,3012,1791,0.594621513944223,32,0.0122370936902486,314.105804577111,104559.87,NA
"49",49,49,49,5001,11001005001,0.07904697,204730.715388826,74090,124100006,4,3546,41,0.0115623237450649,13,0.00686740623349181,164.459181673883,113176.31,NA
"50",50,50,50,5002,11001005002,0.09014992,233487.214065982,53208,266261760,3,2414,17,0.00704225352112676,10,0.00172443524745646,110.926332491476,29778.55,NA
"51",51,51,51,5201,11001005201,0.13114982,339676.463215864,75149,401961716,4,2859,12,0.00419727177334732,19,0.00323239197005784,144.872482478436,6695.66,NA
"52",52,52,52,5301,11001005301,0.11056772,286369.087779839,72068,288225330,4,3310,41,0.0123867069486405,16,0.00326397388820889,144.707695880859,172840.62,NA
"53",53,53,53,5500,11001005500,0.24613362,637483.158809735,78901.5,409244354,4,3063,20,0.00652954619653934,31,0.0048032228075612,125.947848977316,23047.88,229342
"54",54,54,54,5600,11001005600,0.18340975,475029.075783795,61943.5,192250360,3,2587,32,0.012369540007731,17,0.00260616280852369,92.6886384175323,31420.53,NA
"55",55,55,55,5800,11001005800,0.35162813,910712.662854341,89328,175823623,4,3038,32,0.010533245556287,276,0.100840336134454,784.92013707777,0,710
"56",56,56,56,5900,11001005900,0.24858265,643826.10708364,47249,89285287,3,3499,20,0.00571591883395256,27,0.00924024640657084,108.615786339071,6395.2,355887
"57",57,57,57,6202,11001006202,4.40833363,11417531.6664333,52548,554878,3,4541,43,0.00946927989429641,47,1.42424242424242,10.6616249913916,11745.2,NA
"58",58,58,58,6400,11001006400,0.35386742,916512.417609171,25016,36959590,1,3028,816,0.269484808454425,36,0.0171837708830549,101.733016280504,46579.88,NA
"59",59,59,59,6600,11001006600,0.11436764,296210.81455095,80400,117490965,4,3986,595,0.149272453587556,10,0.00533049040511727,87.4373205567589,25676.75,NA
"60",60,60,60,6700,11001006700,0.16535538,428268.458887597,83000,233122093,4,1802,703,0.390122086570477,12,0.00326175591193259,72.5709680567998,29611.41,NA
"61",61,61,61,6801,11001006801,0.09442962,244571.592741545,51207.5,76178458,3,2143,847,0.395240317312179,30,0.0158478605388273,317.696926028083,17301.51,NA
"62",62,62,62,6802,11001006802,0.10911804,282614.430575733,63716,96128685,3,2922,866,0.29637234770705,35,0.0172498767865944,320.753561922483,14531.5,NA
"63",63,63,63,6804,11001006804,0.78112045,2023092.67337275,15698,1403283,1,2087,793,0.379971250598946,24,0.00672834314550042,30.7250949581463,9468.33,NA
"64",64,64,64,6900,11001006900,0.15840232,410260.129910805,79464.5,117789037,4,2690,1330,0.494423791821561,32,0.0150872230080151,202.017243181792,31052.84,NA
"65",65,65,65,7000,11001007000,0.16230789,420375.507392908,74503,113568529,4,1955,1259,0.643989769820972,20,0.00727802037845706,123.222598728873,4638.44,NA
"66",66,66,66,7100,11001007100,0.28235662,731300.275476049,44333,90074658,3,6021,3225,0.535625311410065,37,0.0131813323833274,131.039959325197,5219.62,NA
"67",67,67,67,600,11001000600,0.55705167,1442757.20675772,81528.5,413850238,4,6077,4398,0.723712358071417,66,0.0150170648464164,118.480930144236,11015.84,NA
"68",68,68,68,701,11001000701,0.21228371,549812.287648554,68775,265927884,4,5051,4121,0.815878043951693,15,0.00333185250999556,70.6601556944713,1070.23,NA
"69",69,69,69,702,11001000702,0.11308412,292886.528546715,56357.5,121237434,3,6671,5135,0.769749662719233,8,0.00245474071801166,70.743796741753,9714.7,NA
"70",70,70,70,801,11001000801,1.18764863,3075995.83756508,94346,429046240,4,6756,5107,0.755920663114269,112,0.0171621207477781,94.3039861882382,3173.77,NA
"71",71,71,71,802,11001000802,0.87975675,2278559.52143544,78663,240968712,4,2830,1806,0.638162544169611,90,0.0324324324324324,102.30100536313,22046.75,NA
"72",72,72,72,901,11001000901,1.16931895,3028522.18062107,138978.5,443181730,4,2998,1712,0.57104736490994,187,0.0269219694788367,159.922149555517,21289.47,NA
"73",73,73,73,1803,11001001803,0.45183515,1170247.66299615,26235,76833849,1,33,7,0.212121212121212,9,0.00264628050573361,19.9187690466313,168315.72,NA
"74",74,74,74,1804,11001001804,0.23232488,601718.669088252,26535.5,101095037,1,2139,142,0.0663861617578308,51,0.0118329466357309,219.520182255125,9678.41,NA
"75",75,75,75,1901,11001001901,0.29693939,769069.481664375,37420,96561062,2,1909,1718,0.899947616553169,79,0.0203241574479033,266.047559402611,4124.27,NA
"76",76,76,76,902,11001000902,0.84187806,2180454.16569644,113487,176273097,4,3775,3077,0.815099337748344,127,0.0628401781296388,150.853200759264,4.69,NA
"77",77,77,77,3301,11001003301,0.16973472,439610.90178309,52263,118997087,3,1949,647,0.331965110312981,28,0.00911458333333333,164.963302734997,1484,NA
"78",78,78,78,3302,11001003302,0.07668336,198608.997138154,51120,82445643.83,3,2084,937,0.449616122840691,18,0.00876338851022395,234.731498463291,3310.13,NA
"79",79,79,79,8804,11001008804,0.3039147,787135.451864149,25106.5,32464257.52,1,3670,187,0.0509536784741144,24,0.0101052631578947,78.9695266467861,116577.62,NA
"80",80,80,80,8903,11001008903,0.11563101,299482.950950931,29334,50045860,2,2179,1404,0.644332262505737,16,0.00617522192203782,138.371186068512,637.85,NA
"81",81,81,81,8904,11001008904,0.17626088,456513.574479548,23445,38466036.9,1,2812,2209,0.785561877667141,39,0.0120036934441367,221.262937073728,1906.04,NA
"82",82,82,82,9000,11001009000,0.5620618,1455733.36865934,47746,65837807.73,3,2911,977,0.335623497080041,58,0.0219033232628399,103.19149958243,94537.52,NA
"83",83,83,83,9102,11001009102,0.70859999,1835265.55017918,28794,77312944,2,4539,3878,0.854373209958141,69,0.0170118343195266,97.3751072166964,24531.6,NA
"84",84,84,84,9201,11001009201,0.24740302,640770.875124095,38115,45375827.82,2,4620,3848,0.832900432900433,53,0.0278215223097113,214.225355858631,0,NA
"85",85,85,85,9203,11001009203,0.22675181,587284.489541665,35161,62405590,2,3364,2751,0.817776456599287,13,0.00516077808654228,57.3314056456705,11143.51,124942
"86",86,86,86,9204,11001009204,0.11700677,303046.147344249,26124,34706643,1,6709,5719,0.852437024891936,28,0.0111865761086696,239.302392502588,73436.72,NA
"87",87,87,87,7200,11001007200,0.63385548,1641678.14768953,70045,186295174,4,2869,2390,0.833042872080864,322,0.118863049095607,508.002234200137,63666.67,NA
"88",88,88,88,7301,11001007301,3.81233131,9873892.76213028,40680,3361568,2,7175,6135,0.855052264808362,31,0.0110007097232079,8.13150733218934,40486.36,NA
"89",89,89,89,2301,11001002301,0.15929393,412569.389844188,37194.5,84654482,2,4277,1753,0.409866729015665,52,0.0179372197309417,326.440561796674,15255.42,NA
"90",90,90,90,2302,11001002302,0.77803955,2015113.17440509,37487,31103989,2,3962,1606,0.40535083291267,40,0.0201714573877963,51.4112682318013,1230.02,NA
"91",91,91,91,2400,11001002400,0.21479058,556305.035604766,38006,106668159,2,3398,1376,0.404944084755739,37,0.0104994324631101,172.260813300099,6352.19,NA
"92",92,92,92,2501,11001002501,0.20981127,543408.695739987,31627.5,74481381,2,2885,949,0.32894280762565,72,0.029520295202952,343.165550639868,778.38,NA
"93",93,93,93,2502,11001002502,0.23337814,604446.59456458,32326,156512610,2,4913,1114,0.226745369428048,40,0.00725426187885383,171.395658565108,556.38,NA
"94",94,94,94,2600,11001002600,0.85570068,2216254.58992257,74993.5,120160981,4,4365,13,0.00297823596792669,64,0.0308582449373192,74.7925080531664,19698.7,NA
"95",95,95,95,2701,11001002701,0.17384986,450269.058831022,42690,184313228,3,2249,94,0.0417963539350823,7,0.00140308679094007,40.2646283407994,22989.53,NA
"96",96,96,96,7601,11001007601,0.48767122,1263062.67183,29757,72209610,2,2905,27,0.00929432013769363,44,0.0102683780630105,90.2247214834617,4606.38,NA
"97",97,97,97,7603,11001007603,0.4735655,1226529.02588878,41564,96251269,3,1851,17,0.00918422474338196,29,0.00732138348901792,61.2375690374404,1189,NA
"98",98,98,98,7604,11001007604,0.52836991,1368471.77761395,36500.5,80847329,2,2243,63,0.0280873829692376,51,0.0141903171953255,96.5232861197565,2339.46,NA
"99",99,99,99,7605,11001007605,0.17519328,453748.512541281,29971,56942326,2,2795,24,0.00858676207513417,26,0.00769230769230769,148.407518827206,2813.7,44557
"100",100,100,100,7703,11001007703,0.39043826,1011230.45369159,24882,66007045,1,1296,11,0.00848765432098765,34,0.00666013712047013,87.0816297562642,2258.21,NA
"101",101,101,101,7707,11001007707,0.3254007,842783.952986726,28427.5,61842067,1,2836,13,0.00458392101551481,24,0.00626959247648903,73.7552193341932,0,NA
"102",102,102,102,7708,11001007708,0.33062668,856319.157832923,25245,34921404,1,2621,1672,0.637924456314384,7,0.00287120590648072,21.171915103766,15506.24,NA
"103",103,103,103,7709,11001007709,0.35698661,924591.06243485,30352,30343665,2,2324,1132,0.487091222030981,12,0.00608519269776876,33.6147061650296,34945.11,NA
"104",104,104,104,7803,11001007803,0.38712243,1002642.48252286,27686,52825855,1,3187,725,0.227486664574835,16,0.00493218249075216,41.3305940448865,68837.45,NA
"105",105,105,105,7804,11001007804,0.3273591,847856.187174038,24947,42241373,1,4365,129,0.029553264604811,45,0.0133689839572193,137.463721032957,23373.83,NA
"106",106,106,106,7806,11001007806,0.26597939,688883.467072914,27394,35524039,1,2425,39,0.0160824742268041,27,0.0116429495472186,101.511624641293,607.49,NA
"107",107,107,107,2702,11001002702,0.19519457,505551.614962995,48746.5,223639542,3,2451,25,0.0101999184006528,11,0.00219736316420296,56.3540266514586,1758.93,NA
"108",108,108,108,2801,11001002801,0.06636841,171893.394000542,28873,94212705,2,1969,237,0.120365667851701,3,0.000832870627429206,45.2022279876827,8971.26,NA
"109",109,109,109,2802,11001002802,0.08803683,228014.332339413,31154.5,113498858,2,2340,598,0.255555555555556,25,0.00618352708384863,283.972060329751,1315.68,NA
"110",110,110,110,2900,11001002900,0.11673127,302332.611458249,37310,137466819,2,3813,778,0.204038814581694,9,0.00242000537778973,77.1001634780466,9955.35,NA
"111",111,111,111,3000,11001003000,0.08182078,211914.857479168,42954,108032013,3,5309,675,0.127142588058015,9,0.00277178934400986,109.996506999811,5243.69,NA
"112",112,112,112,3100,11001003100,0.11381374,294776.24488345,35170,96124283,2,4648,398,0.0856282271944923,24,0.00870511425462459,210.870849161094,5723.39,NA
"113",113,113,113,3200,11001003200,0.17175932,444854.607448458,31551,119332154,2,3442,432,0.125508425334108,24,0.00499687695190506,139.730408806928,4.69,NA
"114",114,114,114,9811,11001009811,0.18028749,466942.46731644,18977,41515657,1,3087,285,0.0923226433430515,33,0.0076869322152341,183.040986371267,8.49,NA
"115",115,115,115,9901,11001009901,0.81156951,2101955.37479996,49969,68391309,3,1189,221,0.185870479394449,77,0.0348101265822785,94.8778866766446,4618.16,NA
"116",116,116,116,9902,11001009902,0.499799,1294473.45459597,37244,57137569,2,2974,474,0.159381304640215,18,0.00626740947075209,36.0144778200837,4468.7,NA
"117",117,117,117,9903,11001009903,0.14510729,375826.167714381,33430,35118730,2,2036,1022,0.50196463654224,21,0.0116086235489221,144.72050301539,6774.25,NA
"118",118,118,118,9904,11001009904,0.16400957,424782.841698579,27487,35494438.76,1,3618,793,0.2191818684356,23,0.0103837471783296,140.235719171753,1260.58,NA
"119",119,119,119,9905,11001009905,0.16657246,431420.693863826,27355,36150350,1,2554,613,0.240015661707126,25,0.00916086478563576,150.084833951543,26035.21,NA
"120",120,120,120,9906,11001009906,0.09573271,247946.582283868,26833,21931724,1,5973,1493,0.249958144985769,53,0.0419303797468354,553.624774645991,1984.96,NA
"121",121,121,121,9907,11001009907,0.18027327,466905.635699033,22424,31452975.28,1,2166,916,0.422899353647276,11,0.00394406597346719,61.0184748964724,486.32,NA
"122",122,122,122,10100,11001010100,0.22382153,579695.106431479,64721,122209400,3,5233,2828,0.540416587043761,49,0.0192913385826772,218.924426081798,297.6,56118
"123",123,123,123,10200,11001010200,0.53519188,1386140.60622477,62109,103762693,3,4355,140,0.0321469575200918,53,0.0240036231884058,99.0299030695309,59081.2,NA
"124",124,124,124,10300,11001010300,0.41925902,1085875.88465221,36564.5,76672409,2,4044,244,0.0603363006923838,76,0.0248609748119071,181.272188252503,9334.4,NA
"125",125,125,125,10400,11001010400,1.04747956,2712959.59467214,24753,45848533,1,3644,148,0.0406147091108672,102,0.0238262088297127,97.3766017925925,11256.3,NA
"126",126,126,126,7503,11001007503,0.19295736,499757.274593085,23253,29135292,1,3447,47,0.0136350449666377,25,0.0104690117252931,129.562303298511,3107.44,NA
"127",127,127,127,7504,11001007504,0.30754628,796541.20604348,20654,28493704,1,5187,53,0.0102178523231155,44,0.0182876142975894,143.067898593994,11388.28,NA
"128",128,128,128,1902,11001001902,0.34292122,888161.868727607,46000.5,60643912,3,3867,42,0.0108611326609775,46,0.0243257535695399,134.141596720086,8022.38,NA
"129",129,129,129,2001,11001002001,0.24434608,632853.430341176,32255,77796183,2,2486,11,0.00442477876106195,29,0.0129233511586453,118.684122127108,1881.8,NA
"130",130,130,130,2002,11001002002,0.32786695,849171.50349221,34515,111106825,2,2007,38,0.0189337319382162,84,0.0232622542232069,256.201486609126,4353.22,NA
"131",131,131,131,2101,11001002101,0.2320722,601064.238813091,28176.5,111940633,1,3293,36,0.0109322805952019,28,0.00551724137931034,120.652107404506,679.29,NA
"132",132,132,132,2102,11001002102,0.28025759,725863.829931322,33861.5,113649527,2,3446,24,0.00696459663377829,89,0.0196772053946496,317.564994403898,17413.64,NA
"133",133,133,133,2201,11001002201,0.16028206,415128.621962459,32313,85149168,2,2347,35,0.0149126544524925,25,0.00745378652355397,155.975035509277,4655.25,NA
"134",134,134,134,2202,11001002202,0.26851746,695457.037597032,29500,65242968,2,5226,3439,0.658055874473785,19,0.00644942294636796,70.7588996261174,3086.77,42553
"135",135,135,135,9302,11001009302,0.15572062,403314.549015264,38884,32262752,2,3773,1241,0.328915981977206,66,0.0577933450087566,423.83596982853,0,NA
"136",136,136,136,9400,11001009400,0.61410113,1590514.63581645,49363.5,122069723,3,3373,25,0.00741179958493922,136,0.033680039623576,221.461895046505,21581.87,NA
"137",137,137,137,9501,11001009501,0.61553166,1594219.67538047,28334,66633719.98,1,1962,31,0.0158002038735984,29,0.00518319928507596,47.1137422890644,77.04,NA
"138",138,138,138,9503,11001009503,0.54960638,1423473.98609027,55128,93340693.3,3,3177,20,0.00629524708844822,66,0.0234875444839858,120.085942233786,39613.3,NA
"139",139,139,139,9504,11001009504,0.39623539,1026244.95498885,44206.5,76802968,3,1575,16,0.0101587301587302,85,0.0289115646258503,214.518950465278,24199.11,196854
"140",140,140,140,9505,11001009505,0.39791978,1030607.50172789,41734,74524698,3,1693,11,0.006497341996456,98,0.0381174640217814,246.280795591513,11443.01,NA
"141",141,141,141,9507,11001009507,0.1137702,294663.464164052,38410,37021683,2,2139,18,0.00841514726507714,24,0.0164383561643836,210.951549702822,28894.01,NA
"142",142,142,142,9508,11001009508,0.36237186,938538.799502716,36844,74438513.8,2,3646,34,0.00932528798683489,59,0.0182098765432099,162.816174523044,14987.26,NA
"143",143,143,143,9509,11001009509,0.24930307,645691.979470196,45890,83396856.4,3,2407,384,0.159534690486082,78,0.0270083102493075,312.872200089634,7198.44,NA
"144",144,144,144,9601,11001009601,0.8044534,2083524.73269691,22438,31190145,1,1599,221,0.138211382113821,39,0.0161157024793388,48.4801232737658,28962.08,NA
"145",145,145,145,9602,11001009602,0.53282125,1380000.70395183,23135.5,34651347,1,4119,308,0.0747754309298373,97,0.0301242236024845,182.04979624968,7474.27,NA
"146",146,146,146,9603,11001009603,0.24681539,639248.922423749,29205,54782066,2,2037,694,0.340697103583702,25,0.0075642965204236,101.290280156355,50465.37,NA
"147",147,147,147,9604,11001009604,0.21178946,548532.194925361,36056.5,42571608,2,2758,23,0.00833937635968093,11,0.00571428571428571,51.9383731371712,25523.46,NA
"148",148,148,148,9700,11001009700,0.15830455,410006.906521816,27242,41269716,1,2473,42,0.0169834209462192,16,0.00509391913403375,101.071005223792,3122.69,NA
"149",149,149,149,9801,11001009801,0.17318611,448549.968715114,25883.5,19048407,1,3072,56,0.0182291666666667,11,0.00707850707850708,63.5154863170031,43047.45,NA
"150",150,150,150,9802,11001009802,0.07750042,200725.165016534,23629,18186608,1,2507,15,0.00598324690865576,37,0.0220500595947557,477.41676754784,903.02,NA
"151",151,151,151,7807,11001007807,0.20222209,523752.819176796,25588,29022672,1,3410,1101,0.322873900293255,32,0.015180265654649,158.241861707591,33998.73,NA
"152",152,152,152,7808,11001007808,0.36693251,950350.839345495,24266,47655483,1,3933,1624,0.412916348843122,60,0.0167037861915367,163.517808765432,115243.46,NA
"153",153,153,153,7809,11001007809,0.20662337,535152.066889406,24953,41012846,1,1838,1442,0.784548422198041,20,0.00695652173913044,96.7944719902691,13603.04,NA
"154",154,154,154,7901,11001007901,0.15377372,398272.098442659,31673,68844302,2,6408,5146,0.803058676654182,36,0.0096514745308311,234.110223775558,36717.13,NA
"155",155,155,155,7903,11001007903,0.09366234,242584.352928883,39557,41719677,2,3211,58,0.0180629087511679,12,0.00686106346483705,128.119797135113,125923.22,NA
"156",156,156,156,8001,11001008001,0.1256733,325492.362612918,67249,126560393,4,3715,1632,0.439300134589502,32,0.0118474639022584,254.628469213429,5892.12,NA
"157",157,157,157,8002,11001008002,0.22320412,578096.01563321,72447,162596832,4,4859,322,0.0662687795842766,9,0.00305498981670061,40.3218363531999,64403.96,NA
"158",158,158,158,8100,11001008100,0.11284082,292256.371732737,72100,168364052,4,3143,979,0.311485841552657,12,0.00425079702444208,106.34449483795,9131.78,NA
"159",159,159,159,8200,11001008200,0.13132069,340119.023976683,67792.5,147633111,4,2922,58,0.0198494182067077,12,0.00422089342244108,91.3793553780444,5133.77,NA
"160",160,160,160,8301,11001008301,0.11735394,303945.306896789,80765,126739845,4,3822,397,0.103872318158032,20,0.00898876404494382,170.424614631601,15106.91,NA
"161",161,161,161,8302,11001008302,0.10072175,260868.12305757,69139,121676185,4,1774,156,0.0879368658399098,34,0.015880429705745,337.563634468226,4243.34,NA
"162",162,162,162,8402,11001008402,0.10360556,268337.16866105,55894.5,84827411,3,2784,1321,0.474497126436782,17,0.00816914944738107,164.083858047773,4.69,NA
"163",163,163,163,8410,11001008410,0.08499133,220126.527661906,48372,54787972,3,3031,1662,0.548333883206862,22,0.0150375939849624,258.849932104839,2755.32,NA
"164",164,164,164,8701,11001008701,0.14844409,384468.417754861,37790,70853972,2,2910,2276,0.78213058419244,10,0.00423728813559322,67.3654303111697,612.2,NA
"165",165,165,165,8702,11001008702,0.18316221,474387.95575955,41675,59322798,3,2918,2515,0.861891706648389,23,0.014771997430957,125.57175412985,1700.06,NA
"166",166,166,166,8802,11001008802,0.18214025,471741.081255413,31959.5,80440359,2,2279,1743,0.764809126810004,64,0.0158808933002481,351.377578541811,4371.43,NA
"167",167,167,167,8803,11001008803,0.44465154,1151642.20512901,16546,14330450,1,2206,1553,0.703989120580236,108,0.0551583248212462,242.886823241408,8100.16,NA
"168",168,168,168,9803,11001009803,0.2050207,531001.186270024,23984,33847590,1,2149,1156,0.537924616100512,39,0.0143435086428834,190.224694384518,5203.49,NA
"169",169,169,169,9804,11001009804,0.20011617,518298.512527794,27427.5,34316210,1,1489,451,0.302887844190732,80,0.0328542094455852,399.767794876346,735.53,NA
"170",170,170,170,9807,11001009807,0.40097933,1038531.69710494,29196,50089141,2,4163,370,0.088878212827288,18,0.00595632031767042,44.8900944594825,1178.76,NA
"171",171,171,171,9810,11001009810,0.15924495,412442.526136786,20845,23630871,1,5797,2128,0.36708642401242,37,0.0149013290374547,232.346457454381,41218.59,NA
"172",172,172,172,10500,11001010500,0.29058304,752606.625014815,52096,112250955,3,2910,432,0.148453608247423,99,0.0300364077669903,340.694350227735,2293.5,NA
"173",173,173,173,10600,11001010600,0.47744403,1236574.3509128,55071.5,256230114,3,3025,643,0.212561983471074,132,0.0346093340325118,276.47219717042,26338.71,NA
"174",174,174,174,10700,11001010700,0.34420936,891498.140842399,63057,121704083,3,2630,145,0.0551330798479087,58,0.0326760563380282,168.502100000999,45694.88,NA
"175",175,175,175,10800,11001010800,0.2554135,661517.924546416,42735,35939787,3,1489,53,0.035594358629953,61,0.00984824023248305,238.828409618129,0,NA
"176",176,176,176,10900,11001010900,2.05169199,5313857.851102,20753.5,25597789,1,3290,257,0.0781155015197568,53,0.0168467895740623,25.8323375332766,57082.15,NA
"177",177,177,177,11000,11001011000,0.39706623,1028396.82375154,66090,159856545,3,2940,165,0.0561224489795918,20,0.00558035714285714,50.3694308125876,34164.13,NA
"178",178,178,178,11100,11001011100,2.34008013,6060779.69889432,40625.5,108672370,2,2445,27,0.0110429447852761,218,0.0461180452718426,93.1592030568628,127180.05,NA
"179",179,179,179,9301,11001009301,0.42520793,1101283.48097072,47415,96067410,3,3280,24,0.00731707317073171,151,0.0498185417354009,355.120376047549,143126.17,NA
